zjmc32,Choquette,Jason
kirkjc1,Kirk,Jake
dishmant,Dishman,Tristan
barnettjr1,Barnett,Jadon
stewardz,Steward,Zachary
millscm,Mills,Christian
raglandc,Ragland,Chantel
mullinsnc,Mullins,Nathaniel
wisetk,Wise,Thomas
becerrae,Becerra,Ellayn
leonardjt1,Leonard,Jacob
clarkcd6,Clark,Colton
hanifan,Hanifan,Cian
jonesa20,Jones,Anderson
mooren7,Moore,Tye
clarkdn,Clark,Nikki
burnettb4,Burnett,Barrett
ashmoren,Ashmore,Noah
penningtonc3,Pennington,Colyn
