chesneyn,Chesney,Nathaniel
kylead1,Kyle,Avery
phamjv,Pham,Justin
piercesh1,Pierce,Sidney
rangeli,Rangel,Issiac
rayj03,Ray,Jacob
robertsgm,Roberts,Garrett
smartts,Smartt,Sheala
venkata,Konduru Venkata,Chase
watsonmd,Watson,Maalik
yoakleyl,Yoakley,Lydia
